ARI_Srn,ARI_Srn_merge_clusters
0.3550208288921708,0.8503259139516153
