ARI_Srn,ARI_Srn_merge_clusters
0.21600214020710323,0.6795056763915421
