ARI_Srn,ARI_Srn_merge_clusters
0.639026666121741,0.6962063937680031
