ARI_Srn,ARI_Srn_merge_clusters
0.052434603073128014,0.052434603073128014
0.04565260762288448,0.04565260762288448
0.2244919910215658,0.2244919910215658
0.21296584734441115,0.21296584734441115
0.20851952777662786,0.20851952777662786
0.1205027652086476,0.1205027652086476
0.038775616417307514,0.038775616417307514
0.08937837415573895,0.08937837415573895
0.055009321931782415,0.055009321931782415
0.26335752088304826,0.2640735028404061
