ARI_Srn,ARI_Srn_merge_clusters
0.5777844462020265,0.5817482664516395
0.6220342547887465,0.6282351838984176
0.9986840558063549,0.9986840558063549
0.8730201835537675,0.8827791230702151
0.9809568578014118,0.9842487608877956
0.9988697490092471,0.9988697490092471
0.6099668131542777,0.6161868870007399
0.6671574662857856,0.6715016041423352
0.8983204926028573,0.8984267257632629
0.872358037635892,0.8726235741444867
