ARI_Srn,ARI_Srn_merge_clusters
0.5897993843004935,0.589242236928108
0.6105006317444379,0.6126232633888125
0.9976314641291475,0.9976314641291475
0.8984011547485152,0.8993938866020807
0.9748198556665618,0.9749267015696285
0.9979164732700023,0.9979164732700023
0.6360131619272408,0.64258934261299
0.7654107150363203,0.775257746695054
0.892699076878915,0.8956288200741206
0.8459412934377384,0.8351282439370831
