ARI_Srn,ARI_Srn_merge_clusters
0.7148837129805845,0.7428734746894042
0.6906879772281513,0.7203670762168242
0.9980265841775168,0.9980265841775168
0.8391070740478985,0.873522550232624
0.9091981016553075,0.9100193183252274
0.9988697490092471,0.9988697490092471
0.6906746227674998,0.6573152110683309
0.7401232100717026,0.7268959110838215
0.8814789776623889,0.8841145394768204
0.7966454783398322,0.7484152551179466
