ARI_Srn,ARI_Srn_merge_clusters
0.482779942801165,0.6578125940848681
0.47006511359120573,0.6223205990272122
0.7656370657911488,0.9596899138711343
0.5510262842724809,0.881041281633107
0.5623015573502402,0.8798440361714268
0.550283475455174,0.9108778423733399
0.4266031093133694,0.5801315944072377
0.15264245860649003,0.7904883107806507
0.30571279017395225,0.8263794415593122
0.6671758640443002,0.893172165958837
