ARI_Srn,ARI_Srn_merge_clusters
0.588671004003063,0.5961180423599383
0.6179455868736401,0.6323048164790286
0.9986840558063549,0.9986840558063549
0.9048598529638436,0.9218147655451158
0.9815615890366495,0.9842487608877956
0.9988697490092471,0.9988697490092471
0.6389914855056722,0.6531391990081863
0.7605845432444638,0.7782952502509474
0.9347268276732976,0.9347268276732976
0.8902870625245772,0.8697560211065253
