ARI_Srn,ARI_Srn_merge_clusters
0.9191391059730614,0.9224777124244572
0.8735654608664855,0.8546618146850531
0.9537931342323304,0.9435677837265165
0.9497905619550382,0.97710996791117
0.8722981659063884,0.9081861983456545
0.9733298125165039,0.9599817128924109
0.8658344532984992,0.8913773897804467
0.6402943592033515,0.6179597370561032
0.8283279311415838,0.8549875679888489
0.6445259207085863,0.6467730056774217
