ARI_Srn,ARI_Srn_merge_clusters
0.5897688761221738,0.5854349443729095
0.5770722240689699,0.569284483896287
0.9952686395886207,0.9952686395886207
0.8876284323171066,0.8964797152860295
0.9571461752556737,0.9505256561426305
0.9958373259971356,0.9958373259971356
0.6307695114665738,0.6340394182569938
0.6375323019566648,0.6421924410093407
0.864092831306183,0.8655056577682254
0.8113663056244291,0.8244872315785517
