ARI_Srn,ARI_Srn_merge_clusters
0.03948370153130266,0.03948370153130266
0.03391927313635115,0.03391927313635115
0.15188575335181737,0.15188575335181737
0.18759498870748542,0.18759498870748542
0.15520596714065524,0.15520596714065524
0.0721810157328799,0.0721810157328799
0.03300836926712476,0.03300836926712476
0.05948127148900655,0.05948127148900655
0.029228197609673025,0.029228197609673025
0.2630689072150719,0.27510872863355923
