ARI_Srn,ARI_Srn_merge_clusters
0.5406792261494426,0.6514983180296626
0.4915877170487623,0.5929451774441246
0.7656370657911488,0.9596899138711343
0.5250358610171946,0.881041281633107
0.5623015573502402,0.8798440361714268
0.5678992671931187,0.9108778423733399
0.5893412702984788,0.8126638298659413
0.15424502606066215,0.7969740934618229
0.43168872392715424,0.9329841488628532
0.6679766734279919,0.893172165958837
