ARI_Srn,ARI_Srn_merge_clusters
0.49212377680482566,0.7429141877962802
0.4744175426467389,0.6762825354748518
0.7366043404585748,0.9596899138711343
0.46679358371754914,0.881041281633107
0.5650194753390586,0.8545732678947033
0.7856818414595589,0.9555623189655307
0.5234995711018882,0.7088482307808676
0.17764443716171266,0.7932628466511661
0.351955594234576,0.8880565105102023
0.6679766734279919,0.893172165958837
