ARI_Srn,ARI_Srn_merge_clusters
0.9086697622220581,1.0
0.8907440823303588,1.0
0.813831037562879,1.0
0.8053092518438844,1.0
0.7188958401462108,1.0
0.938567224256428,1.0
0.8912275160184069,1.0
0.28309123697238586,1.0
0.49419830679819104,1.0
0.7599773028182334,1.0
