ARI_Srn,ARI_Srn_merge_clusters
0.37666449836692345,0.9148817448508105
