ARI_Srn,ARI_Srn_merge_clusters
0.4408735620754617,0.7069621241727528
