ARI_Srn,ARI_Srn_merge_clusters
0.11775631100169805,0.7069621241727528
