ARI_Srn,ARI_Srn_merge_clusters
0.5288125994972611,0.8366134263703711
