ARI_Srn,ARI_Srn_merge_clusters
0.8621310625254685,0.9739454189368636
