,ARI_Srn,ARI_Srn_merge_clusters
0,0.5422206753287151,0.6962063937680031
