,ARI_Srn,ARI_Srn_merge_clusters
0,0.5228406534285435,0.9719073435189749
