ARI_Srn,ARI_Srn_merge_clusters
0.7388516333391311,0.9006065245106364
