,ARI_Srn,ARI_Srn_merge_clusters
0,0.4278650164965197,0.9006065245106364
