ARI_Srn,ARI_Srn_merge_clusters
0.3892908594286098,0.9148817448508105
