,ARI_Srn,ARI_Srn_merge_clusters
0,0.46438633150946057,0.9739454189368636
