ARI_Srn,ARI_Srn_merge_clusters
0.606984845565024,0.6795056763915421
